{
    "keep": {
        "days": true,
        "amount": 14
    },
    "auditLog": "src\\logs\\success\\.2b4ee228c17c59d3616cd3fd9607f0c2c4b9b789-audit.json",
    "files": [
        {
            "date": 1740375185013,
            "name": "src\\logs\\success\\success-2025-02-24-11-33.log",
            "hash": "79a25e2a860b16261c8adf684d6e1d1805725f50b9f2d327e6114c2d54c98208"
        },
        {
            "date": 1740389294684,
            "name": "src\\logs\\success\\success-2025-02-24-15-28.log",
            "hash": "1b577b59865e2070a3f684ef2ff43762934d55815155954433d998d5231fa957"
        }
    ],
    "hashType": "sha256"
}