{
    "keep": {
        "days": true,
        "amount": 14
    },
    "auditLog": "src\\logs\\error\\.50ee52f104fb457b487eba372ed482fbd6005cd0-audit.json",
    "files": [
        {
            "date": 1740375185020,
            "name": "src\\logs\\error\\error-2025-02-24-11-33.log",
            "hash": "c50bc01721fdecdd507fc00e35b2ea50a837ba506317c907742fa656ef6bd2bd"
        },
        {
            "date": 1740389294690,
            "name": "src\\logs\\error\\error-2025-02-24-15-28.log",
            "hash": "7cbe0b0dc21cb56e94631575b80d95031dbdb03e4fa8c5d3b178aed0402eaf7b"
        }
    ],
    "hashType": "sha256"
}